{
  "USA/LA-BIE-071/2020": {
    "frequencies": [
      0.000775,
      0.004049,
      0.009623,
      0.011469,
      0.00736
    ]
  },
  "USA/LA-BIE-072/2020": {
    "frequencies": [
      0.000433,
      0.002694,
      0.007795,
      0.011065,
      0.008458
    ]
  },
  "USA/LA-BIE-073/2020": {
    "frequencies": [
      0.000433,
      0.002694,
      0.007795,
      0.011065,
      0.008458
    ]
  },
  "USA/LA-BIE-074/2020": {
    "frequencies": [
      0.000433,
      0.002694,
      0.007795,
      0.011065,
      0.008458
    ]
  },
  "USA/LA-BIE-075/2020": {
    "frequencies": [
      0.001371,
      0.006013,
      0.011739,
      0.011746,
      0.006329
    ]
  },
  "USA/LA-BIE-076/2020": {
    "frequencies": [
      0.000775,
      0.004049,
      0.009623,
      0.011469,
      0.00736
    ]
  },
  "USA/LA-BIE-077/2020": {
    "frequencies": [
      0.000775,
      0.004049,
      0.009623,
      0.011469,
      0.00736
    ]
  },
  "USA/LA-BIE-078/2020": {
    "frequencies": [
      0.00058,
      0.003308,
      0.008674,
      0.011282,
      0.007902
    ]
  },
  "USA/LA-BIE-079/2020": {
    "frequencies": [
      0.000775,
      0.004049,
      0.009623,
      0.011469,
      0.00736
    ]
  },
  "USA/LA-BIE-080/2020": {
    "frequencies": [
      0.000775,
      0.004049,
      0.009623,
      0.011469,
      0.00736
    ]
  },
  "USA/LA-BIE-081/2020": {
    "frequencies": [
      0.001371,
      0.006013,
      0.011739,
      0.011746,
      0.006329
    ]
  },
  "USA/LA-BIE-082/2020": {
    "frequencies": [
      0.000775,
      0.004049,
      0.009623,
      0.011469,
      0.00736
    ]
  },
  "USA/LA-BIE-083/2020": {
    "frequencies": [
      0.000775,
      0.004049,
      0.009623,
      0.011469,
      0.00736
    ]
  },
  "USA/LA-BIE-084/2020": {
    "frequencies": [
      0.000775,
      0.004049,
      0.009623,
      0.011469,
      0.00736
    ]
  },
  "USA/LA-BIE-085/2020": {
    "frequencies": [
      0.000775,
      0.004049,
      0.009623,
      0.011469,
      0.00736
    ]
  },
  "USA/LA-BIE-086/2020": {
    "frequencies": [
      0.000322,
      0.002188,
      0.006984,
      0.01082,
      0.009026
    ]
  },
  "USA/LA-BIE-087/2020": {
    "frequencies": [
      0.000433,
      0.002694,
      0.007795,
      0.011065,
      0.008458
    ]
  },
  "USA/LA-BIE-088/2020": {
    "frequencies": [
      0.001815,
      0.007295,
      0.012908,
      0.011834,
      0.005842
    ]
  },
  "USA/LA-BIE-089/2020": {
    "frequencies": [
      0.000775,
      0.004049,
      0.009623,
      0.011469,
      0.00736
    ]
  },
  "USA/LA-BIE-090/2020": {
    "frequencies": [
      0.000775,
      0.004049,
      0.009623,
      0.011469,
      0.00736
    ]
  },
  "USA/LA-BIE-092/2020": {
    "frequencies": [
      0.001032,
      0.004942,
      0.010644,
      0.011624,
      0.006835
    ]
  },
  "USA/LA-BIE-093/2020": {
    "frequencies": [
      0.001032,
      0.004942,
      0.010644,
      0.011624,
      0.006835
    ]
  },
  "USA/LA-BIE-094/2020": {
    "frequencies": [
      0.000775,
      0.004049,
      0.009623,
      0.011469,
      0.00736
    ]
  },
  "USA/LA-BIE-096/2020": {
    "frequencies": [
      0.000775,
      0.004049,
      0.009623,
      0.011469,
      0.00736
    ]
  },
  "USA/LA-BIE-097/2020": {
    "frequencies": [
      0.000775,
      0.004049,
      0.009623,
      0.011469,
      0.00736
    ]
  },
  "USA/LA-CDC-1894/2020": {
    "frequencies": [
      0.032679,
      0.050199,
      0.030102,
      0.010549,
      0.001991
    ]
  },
  "USA/LA-EVTL01/2020": {
    "frequencies": [
      0.000322,
      0.002188,
      0.006984,
      0.01082,
      0.009026
    ]
  },
  "USA/LA-EVTL010/2020": {
    "frequencies": [
      5.1e-05,
      0.000589,
      0.003394,
      0.008885,
      0.012524
    ]
  },
  "USA/LA-EVTL011/2020": {
    "frequencies": [
      5.1e-05,
      0.000589,
      0.003394,
      0.008885,
      0.012524
    ]
  },
  "USA/LA-EVTL012/2020": {
    "frequencies": [
      2e-06,
      5.2e-05,
      0.000803,
      0.005038,
      0.017024
    ]
  },
  "USA/LA-EVTL013/2020": {
    "frequencies": [
      2e-06,
      5.2e-05,
      0.000803,
      0.005038,
      0.017024
    ]
  },
  "USA/LA-EVTL014/2020": {
    "frequencies": [
      2e-06,
      5.2e-05,
      0.000803,
      0.005038,
      0.017024
    ]
  },
  "USA/LA-EVTL015/2020": {
    "frequencies": [
      2e-06,
      5.2e-05,
      0.000803,
      0.005038,
      0.017024
    ]
  },
  "USA/LA-EVTL016/2020": {
    "frequencies": [
      2e-06,
      5.2e-05,
      0.000803,
      0.005038,
      0.017024
    ]
  },
  "USA/LA-EVTL017/2020": {
    "frequencies": [
      3e-06,
      6.7e-05,
      0.00094,
      0.005404,
      0.016732
    ]
  },
  "USA/LA-EVTL018/2020": {
    "frequencies": [
      3e-06,
      6.7e-05,
      0.00094,
      0.005404,
      0.016732
    ]
  },
  "USA/LA-EVTL019/2020": {
    "frequencies": [
      3e-06,
      6.7e-05,
      0.00094,
      0.005404,
      0.016732
    ]
  },
  "USA/LA-EVTL02/2020": {
    "frequencies": [
      0.000177,
      0.00143,
      0.005557,
      0.010254,
      0.010188
    ]
  },
  "USA/LA-EVTL020/2020": {
    "frequencies": [
      3e-06,
      6.7e-05,
      0.00094,
      0.005404,
      0.016732
    ]
  },
  "USA/LA-EVTL021/2020": {
    "frequencies": [
      3e-06,
      6.7e-05,
      0.00094,
      0.005404,
      0.016732
    ]
  },
  "USA/LA-EVTL022/2020": {
    "frequencies": [
      3e-06,
      6.7e-05,
      0.00094,
      0.005404,
      0.016732
    ]
  },
  "USA/LA-EVTL023/2020": {
    "frequencies": [
      3e-06,
      6.7e-05,
      0.00094,
      0.005404,
      0.016732
    ]
  },
  "USA/LA-EVTL024/2020": {
    "frequencies": [
      3e-06,
      6.7e-05,
      0.00094,
      0.005404,
      0.016732
    ]
  },
  "USA/LA-EVTL025/2020": {
    "frequencies": [
      3e-06,
      6.7e-05,
      0.00094,
      0.005404,
      0.016732
    ]
  },
  "USA/LA-EVTL026/2020": {
    "frequencies": [
      3e-06,
      6.7e-05,
      0.00094,
      0.005404,
      0.016732
    ]
  },
  "USA/LA-EVTL027/2020": {
    "frequencies": [
      3e-06,
      6.7e-05,
      0.00094,
      0.005404,
      0.016732
    ]
  },
  "USA/LA-EVTL028/2020": {
    "frequencies": [
      3e-06,
      6.7e-05,
      0.00094,
      0.005404,
      0.016732
    ]
  },
  "USA/LA-EVTL029/2020": {
    "frequencies": [
      3e-06,
      6.7e-05,
      0.00094,
      0.005404,
      0.016732
    ]
  },
  "USA/LA-EVTL03/2020": {
    "frequencies": [
      0.000177,
      0.00143,
      0.005557,
      0.010254,
      0.010188
    ]
  },
  "USA/LA-EVTL030/2020": {
    "frequencies": [
      3e-06,
      6.7e-05,
      0.00094,
      0.005404,
      0.016732
    ]
  },
  "USA/LA-EVTL031/2020": {
    "frequencies": [
      3e-06,
      6.7e-05,
      0.00094,
      0.005404,
      0.016732
    ]
  },
  "USA/LA-EVTL032/2020": {
    "frequencies": [
      3e-06,
      6.7e-05,
      0.00094,
      0.005404,
      0.016732
    ]
  },
  "USA/LA-EVTL033/2020": {
    "frequencies": [
      3e-06,
      6.7e-05,
      0.00094,
      0.005404,
      0.016732
    ]
  },
  "USA/LA-EVTL034/2020": {
    "frequencies": [
      3e-06,
      6.7e-05,
      0.00094,
      0.005404,
      0.016732
    ]
  },
  "USA/LA-EVTL035/2020": {
    "frequencies": [
      3e-06,
      6.7e-05,
      0.00094,
      0.005404,
      0.016732
    ]
  },
  "USA/LA-EVTL036/2020": {
    "frequencies": [
      3e-06,
      6.7e-05,
      0.00094,
      0.005404,
      0.016732
    ]
  },
  "USA/LA-EVTL037/2020": {
    "frequencies": [
      3e-06,
      6.7e-05,
      0.00094,
      0.005404,
      0.016732
    ]
  },
  "USA/LA-EVTL038/2020": {
    "frequencies": [
      3e-06,
      6.7e-05,
      0.00094,
      0.005404,
      0.016732
    ]
  },
  "USA/LA-EVTL039/2020": {
    "frequencies": [
      1e-05,
      0.000182,
      0.001713,
      0.006945,
      0.015157
    ]
  },